Source File	Size	loadResources	load	generateSnapshots	load-configure	scan	loadDepInfo	loadInfo	checkR4R4B	generateNarratives	validate	loadLists	checkConformanceResources	checkConformanceResources2	checkConformanceResources3	generateLogicalMaps	validateExpressions	scanForUsageStats	checkURLsUnique	processProvenanceDetails	generate1	generate2	generateLogicals	makeDependencies	generateExampleZip	generateValidationPack	scanProfilesForR5	scanExamplesForR5
/fsh-generated/resources/ImplementationGuide-dips.fhir.no.core.json	102140	-	0	0	0	0	0	0	29	57	0	0	0	0	0	0	0	2	1	0	264	510	0	0	0	12	0	2
fsh-generated/resources/Appointment-ahi1000249.json	509	3	0	0	1	0	0	0	0	502	0	0	0	0	0	0	0	0	0	0	4	10	0	0	0	0	0	0
fsh-generated/resources/Appointment-ahi1004667.json	346	1	0	0	0	0	0	0	0	2	0	0	0	0	0	0	0	0	0	0	2	3	0	0	0	0	0	0
fsh-generated/resources/Appointment-ahi38.json	341	1	0	0	0	0	0	0	0	2	0	0	0	0	0	0	0	0	0	0	3	3	0	0	0	0	0	0
fsh-generated/resources/CapabilityStatement-DIPSVitalSignsObservation.json	4788	1	0	0	1	0	0	0	0	13	0	0	0	0	0	0	0	0	0	0	25	32	0	0	0	1	0	0
fsh-generated/resources/CodeSystem-DIPSBodyMassIndexMeasurementMethod.json	640	1	0	0	0	0	0	0	0	6	0	0	1	0	0	0	0	0	0	0	12	40	0	0	0	1	0	0
fsh-generated/resources/CodeSystem-DIPSGCSEyeOpeningScoreCodeSystem.json	801	0	0	0	0	0	0	0	1	2	0	0	0	0	0	0	0	0	0	0	12	28	0	0	0	0	0	0
fsh-generated/resources/CodeSystem-DIPSGCSMotorScoreCodeSystem.json	1041	1	0	0	0	0	0	0	0	3	0	0	0	0	0	0	0	0	0	0	13	28	0	0	0	0	0	0
fsh-generated/resources/CodeSystem-DIPSGCSVerbalScoreCodeSystem.json	923	0	0	0	0	0	0	0	0	2	0	0	0	0	0	0	0	0	0	0	13	30	0	0	0	0	0	0
fsh-generated/resources/CodeSystem-DIPSLocation.json	841	1	0	0	0	0	0	0	0	2	0	0	0	0	0	0	0	0	0	0	13	24	0	0	0	1	0	0
fsh-generated/resources/CodeSystem-DIPSLocationTopLevel.json	577	1	0	0	0	0	0	0	1	3	0	0	0	0	0	0	0	0	0	0	11	23	0	0	0	0	0	0
fsh-generated/resources/CodeSystem-DIPSMeasurementMethod.json	607	0	0	0	0	0	0	0	0	2	0	0	0	0	0	0	0	0	0	0	12	24	0	0	0	0	0	0
fsh-generated/resources/CodeSystem-DIPSQSOFAScoreBPCodeSystem.json	617	1	0	0	0	0	0	0	0	3	0	0	0	0	0	0	0	0	0	0	12	25	0	0	0	0	0	0
fsh-generated/resources/CodeSystem-DIPSQSOFAScoreMentalSatusCodeSystem.json	644	0	0	0	0	0	0	0	0	2	0	0	0	0	0	0	0	0	0	0	13	23	0	0	0	1	0	0
fsh-generated/resources/CodeSystem-DIPSQSOFAScoreResRateCodeSystem.json	637	1	0	0	1	0	0	0	0	2	0	0	0	0	0	0	0	0	0	0	12	21	0	0	0	0	0	0
fsh-generated/resources/CodeSystem-DIPSQSOFAcomponentCodeSystem.json	730	0	0	0	0	0	0	0	0	2	0	0	0	0	0	0	0	0	0	0	13	22	0	0	0	0	0	0
fsh-generated/resources/CodeSystem-DIPSVitalSignsObservationConsciousness.json	890	4	0	0	0	0	0	0	1	2	0	0	0	0	0	0	0	0	0	0	12	22	0	0	0	0	0	0
fsh-generated/resources/CodeSystem-DIPSVitalSignsObservationPrePostduktal.json	710	2	0	0	0	0	0	0	0	1	0	0	0	0	0	0	0	0	0	0	13	23	0	0	0	0	0	0
fsh-generated/resources/Condition-afn1003621.json	2034	1	0	0	0	0	0	0	0	45	0	0	0	0	0	0	0	0	0	0	4	14	0	0	0	0	0	0
fsh-generated/resources/Condition-afn1003623.json	1813	1	0	0	0	0	0	0	0	2	0	0	0	0	0	0	0	0	0	0	4	10	0	0	0	0	0	0
fsh-generated/resources/DocumentReference-ako1041394.json	210	1	0	0	0	0	0	0	0	1	0	0	0	0	0	0	0	0	0	0	2	9	0	0	0	0	0	0
fsh-generated/resources/DocumentReference-ako124.json	206	0	0	0	0	0	0	0	0	1	0	0	0	0	0	0	0	0	0	0	2	4	0	0	0	0	0	0
fsh-generated/resources/DocumentReference-docRef-pdf-full.json	3940	2	0	0	0	0	0	0	1	0	0	0	0	0	0	0	0	0	0	0	5	25	0	0	0	0	0	0
fsh-generated/resources/DocumentReference-docref-dictated-duration-example.json	3987	2	0	0	0	0	0	0	1	0	0	0	0	0	0	0	0	0	0	0	5	28	0	0	0	0	0	0
fsh-generated/resources/DocumentReference-docref-dictation-section-example.json	2855	1	0	0	0	0	0	0	0	0	0	0	0	0	0	0	0	0	0	0	4	18	0	0	0	0	0	0
fsh-generated/resources/Encounter-agy1000245-docref.json	437	1	0	0	0	0	0	0	0	2	0	0	0	0	0	0	0	0	0	0	3	7	0	0	0	0	0	0
fsh-generated/resources/Encounter-agy1000245.json	318	0	0	0	1	0	0	0	0	1	0	0	0	0	0	0	0	0	0	0	2	3	0	0	0	0	0	0
fsh-generated/resources/Encounter-agy1002135.json	7622	3	0	0	0	0	0	0	1	0	0	0	0	0	0	0	0	0	0	0	8	34	0	0	0	0	0	0
fsh-generated/resources/Encounter-agy100247.json	448	1	0	0	0	0	0	0	0	0	0	0	0	0	0	0	0	0	0	0	1	3	0	0	0	0	0	0
fsh-generated/resources/Encounter-agy1002679-diag.json	254	1	0	0	0	0	0	0	0	1	0	0	0	0	0	0	0	0	0	0	2	3	0	0	0	0	0	0
fsh-generated/resources/Encounter-agy1002679.json	318	0	0	0	0	0	0	0	0	0	0	0	0	0	0	0	0	0	0	0	3	3	0	0	0	0	0	0
fsh-generated/resources/Encounter-agy1002907.json	249	1	0	0	0	0	0	0	0	1	0	0	0	0	0	0	0	0	0	0	2	3	0	0	0	0	0	0
fsh-generated/resources/Encounter-agy27.json	5812	1	0	0	0	0	0	0	0	0	0	0	0	0	0	0	0	1	0	0	6	29	0	0	0	0	0	0
fsh-generated/resources/HealthcareService-HealthcareService-1.json	1782	0	0	0	0	0	0	0	1	7	0	0	0	0	0	0	0	0	0	0	4	10	0	0	0	0	0	0
fsh-generated/resources/HealthcareService-HealthcareService-Emergency-Room.json	5182	1	0	0	0	0	0	0	0	8	0	0	0	0	0	0	0	0	0	0	8	11	0	0	0	0	0	1
fsh-generated/resources/Location-Location-Bed-aie1000048.json	1580	1	0	0	0	0	0	0	0	6	0	0	0	0	0	0	0	0	0	0	4	8	0	0	0	0	0	0
fsh-generated/resources/Location-Location-Team-aew1000027.json	931	1	0	0	0	0	0	0	0	5	0	0	0	0	0	0	0	0	0	0	3	5	0	0	0	0	0	0
fsh-generated/resources/Location-Location-Ward-ahl1000139.json	1757	1	0	0	0	0	0	0	0	5	0	0	0	0	0	0	0	0	0	0	4	7	0	0	0	0	0	0
fsh-generated/resources/Location-aea1000021.json	164	0	0	0	0	0	0	0	0	1	0	0	0	0	0	0	0	0	0	0	2	2	0	0	0	0	0	0
fsh-generated/resources/Location-afm1.json	49	1	0	0	1	0	0	0	0	0	0	0	0	0	0	0	0	0	0	0	2	3	0	0	0	0	0	0
fsh-generated/resources/Location-ahl21.json	50	0	0	0	0	0	0	0	0	0	0	0	0	0	0	0	0	0	0	0	1	3	0	0	0	0	0	0
fsh-generated/resources/Location-ahl25.json	154	0	0	0	0	0	0	0	1	0	0	0	0	0	0	0	0	0	0	0	2	2	0	0	0	0	0	0
fsh-generated/resources/Location-aie1000000.json	178	1	0	0	0	0	0	0	0	1	0	0	0	0	0	0	0	0	0	0	1	3	0	0	0	0	0	0
fsh-generated/resources/Location-aie1000050.json	178	0	0	0	0	0	0	0	0	0	0	0	0	0	0	0	0	0	0	0	2	2	0	0	0	0	0	0
fsh-generated/resources/Observation-bloodpressure-save-complete-instance.json	4617	2	0	0	0	0	0	0	0	10	0	0	0	0	0	0	0	0	0	0	9	18	0	0	0	0	0	0
fsh-generated/resources/Observation-dips-QSOFAScore-create.json	4366	0	0	0	0	0	0	0	0	6	0	0	0	0	0	0	0	0	0	0	8	12	0	0	0	0	0	0
fsh-generated/resources/Observation-dips-blood-pressure-create.json	5342	1	0	0	0	0	0	0	1	7	0	0	0	0	0	0	0	0	0	0	9	12	0	0	0	0	0	0
fsh-generated/resources/Observation-dips-bloodpressureexample.json	4618	1	0	0	0	0	0	0	0	7	0	0	0	0	0	0	0	0	0	0	8	12	0	0	0	0	0	0
fsh-generated/resources/Observation-dips-body-height-create.json	3481	1	0	0	0	0	0	0	1	6	0	0	0	0	0	0	0	0	0	0	7	11	0	0	0	0	0	0
fsh-generated/resources/Observation-dips-body-mass-index-create.json	3544	1	0	0	0	0	0	0	0	5	0	0	0	0	0	0	0	0	0	0	8	12	0	0	0	0	0	0
fsh-generated/resources/Observation-dips-body-temperature-create.json	3861	1	0	0	0	0	0	0	0	10	0	0	0	0	0	0	0	0	0	0	7	15	0	0	0	0	0	0
fsh-generated/resources/Observation-dips-body-weight-create.json	3473	1	0	0	0	0	0	0	1	6	0	0	0	0	0	0	0	0	0	0	7	11	0	0	1	0	0	0
fsh-generated/resources/Observation-dips-consciousness-create.json	2776	0	0	0	0	0	0	0	0	3	0	0	0	0	0	0	0	0	0	0	6	10	0	0	0	0	0	0
fsh-generated/resources/Observation-dips-gcs-create.json	4338	1	0	0	0	0	0	0	0	6	0	0	0	0	0	0	0	0	0	0	8	8	0	0	0	0	0	0
fsh-generated/resources/Observation-dips-heart-rate-create.json	4013	1	0	0	0	0	0	0	1	5	0	0	0	0	0	0	0	0	0	0	7	11	0	0	0	0	0	0
fsh-generated/resources/Observation-dips-news2-create.json	7045	1	0	0	0	0	0	0	0	12	0	0	0	0	0	0	0	0	0	0	12	13	0	0	0	0	0	0
fsh-generated/resources/Observation-dips-oxygen-saturation-create.json	4212	1	0	0	0	0	0	0	1	6	0	0	0	0	0	0	0	0	0	0	8	12	0	0	0	0	0	0
fsh-generated/resources/Observation-dips-respiratory-rate-create.json	3764	1	0	0	1	0	0	0	0	4	0	0	0	0	0	0	0	0	0	0	7	10	0	0	0	0	0	0
fsh-generated/resources/Observation-no-blood-pressure-create.json	5493	1	0	0	0	0	0	0	1	7	0	0	0	0	0	0	0	0	0	0	10	10	0	0	0	0	0	0
fsh-generated/resources/Observation-no-body-height-create.json	1935	1	0	0	0	0	0	0	0	4	0	0	0	0	0	0	0	0	0	0	4	7	0	0	0	0	0	0
fsh-generated/resources/Observation-no-body-temperature-create.json	2282	1	0	0	0	0	0	0	0	3	0	0	0	0	0	0	0	0	0	0	6	6	0	0	0	0	0	0
fsh-generated/resources/Observation-no-body-weight-create.json	1969	0	0	0	0	0	0	0	0	4	0	0	0	0	0	0	0	0	0	0	4	6	0	0	0	0	0	0
fsh-generated/resources/Observation-no-heart-rate-create.json	2846	1	0	0	0	0	0	0	1	4	0	0	0	0	0	0	0	0	0	0	6	8	0	0	0	0	0	0
fsh-generated/resources/Observation-no-oxygen-saturation-create.json	3244	1	0	0	0	0	0	0	0	4	0	0	0	0	0	0	0	0	0	0	6	8	0	0	0	0	0	0
fsh-generated/resources/Observation-no-pulse-rate.json	2792	1	0	0	0	0	0	0	0	4	0	0	0	0	0	0	0	0	0	0	6	8	0	0	0	0	0	0
fsh-generated/resources/Observation-no-respiratory-rate-create.json	4592	1	0	0	0	0	0	0	0	4	0	0	0	0	0	0	0	0	0	0	8	10	0	0	0	0	0	0
fsh-generated/resources/Organization-Organization-aks1.json	3660	1	0	0	0	0	0	0	1	5	0	0	0	0	0	0	0	0	0	0	6	9	0	0	0	0	0	0
fsh-generated/resources/Organization-Organizationaks2.json	3516	1	0	0	1	0	0	0	0	4	0	0	0	0	0	0	0	0	0	0	5	4	0	0	0	0	0	0
fsh-generated/resources/Organization-afa1000061.json	168	0	0	0	0	0	0	0	0	0	0	0	0	0	0	0	0	0	0	0	1	3	0	0	0	0	0	0
fsh-generated/resources/Organization-afa22-docref.json	299	1	0	0	0	0	0	0	0	0	0	0	0	0	0	0	0	0	0	0	3	3	0	0	0	0	0	0
fsh-generated/resources/Organization-afa22.json	158	0	0	0	0	0	0	0	0	1	0	0	0	0	0	0	0	0	0	0	1	2	0	0	0	0	0	0
fsh-generated/resources/Organization-afa23.json	158	1	0	0	0	0	0	0	0	0	0	0	0	0	0	0	0	0	0	0	2	3	0	0	0	0	0	0
fsh-generated/resources/Organization-ahl1000057.json	168	0	0	0	0	0	0	0	0	0	0	0	0	0	0	0	0	0	0	0	1	2	0	0	0	0	0	0
fsh-generated/resources/Organization-ahl29.json	158	1	0	0	0	0	0	0	0	0	0	0	0	0	0	0	0	0	0	0	2	2	0	0	0	0	0	0
fsh-generated/resources/Organization-aju21.json	158	0	0	0	0	0	0	0	0	1	0	0	0	0	0	0	0	0	0	0	2	3	0	0	0	0	0	0
fsh-generated/resources/Organization-aks1.json	156	0	0	0	0	0	0	0	0	0	0	0	0	0	0	0	0	0	0	0	1	2	0	0	0	0	0	0
fsh-generated/resources/Organization-aks1000004.json	1143	1	0	0	1	0	0	0	0	0	0	0	0	0	0	0	0	0	0	0	3	3	0	0	0	0	0	0
fsh-generated/resources/Organization-aks1000174.json	168	1	0	0	0	0	0	0	0	0	0	0	0	0	0	0	0	0	0	0	2	3	0	0	0	0	0	0
fsh-generated/resources/Patient-cdp1000001.json	2334	0	0	0	0	0	0	0	1	48	0	0	0	0	0	0	0	0	0	0	5	13	0	0	0	0	0	0
fsh-generated/resources/Patient-cdp1000007.json	2764	1	0	0	0	0	0	0	0	3	0	0	0	0	0	0	0	0	0	0	5	7	0	0	0	0	0	0
fsh-generated/resources/Patient-cdp1000063.json	181	0	0	0	0	0	0	0	0	0	0	0	0	0	0	0	0	0	0	0	2	2	0	0	0	0	0	0
fsh-generated/resources/Patient-cdp1000239.json	181	3	0	0	0	0	0	0	0	0	0	0	0	0	0	0	0	0	0	0	2	3	0	0	0	0	0	0
fsh-generated/resources/Patient-cdp1000240.json	163	1	0	0	0	0	0	0	0	0	0	0	0	0	0	0	0	0	0	0	2	3	0	0	0	0	0	0
fsh-generated/resources/Patient-cdp1000807.json	181	0	0	0	0	0	0	0	0	0	0	0	0	0	0	0	0	0	0	0	1	2	0	0	0	0	0	0
fsh-generated/resources/Patient-cdp1000808.json	163	1	0	0	0	0	0	0	0	1	0	0	0	0	0	0	0	0	0	0	2	3	0	0	0	0	0	0
fsh-generated/resources/Patient-cdp138.json	173	0	0	0	0	0	0	0	0	0	0	0	0	0	0	0	0	0	0	0	2	3	0	0	0	0	0	0
fsh-generated/resources/Patient-cdp2007860.json	181	1	0	0	0	0	0	0	0	0	0	0	0	0	0	0	0	0	0	0	2	2	0	0	0	0	0	0
fsh-generated/resources/Patient-cdp2007964.json	2110	1	0	0	0	0	0	0	0	2	0	0	0	0	0	0	0	0	0	0	4	7	0	0	0	0	0	0
fsh-generated/resources/Patient-cdp2008844.json	177	0	0	0	0	0	0	0	0	0	0	0	0	0	0	0	0	0	0	0	2	3	0	0	0	0	0	0
fsh-generated/resources/Patient-cdp2009597.json	54	0	0	0	0	0	0	0	0	0	0	0	0	0	0	0	0	0	0	0	2	2	0	0	0	0	0	0
fsh-generated/resources/Patient-cdp2009672.json	181	1	0	0	0	0	0	0	0	0	0	0	0	0	0	0	0	0	0	0	2	3	0	0	0	0	0	0
fsh-generated/resources/Person-ajf1000001.json	2436	0	0	0	0	0	0	0	0	3	0	0	0	0	0	0	0	0	0	0	5	8	1	0	0	0	0	0
fsh-generated/resources/Person-ajf242.json	2173	1	0	0	0	0	0	0	1	2	0	0	0	0	0	0	0	0	0	0	5	4	0	0	0	0	0	0
fsh-generated/resources/Practitioner-Practitioner-stf39.json	1121	1	0	0	1	0	0	0	0	5	0	0	0	0	0	0	0	0	0	0	4	6	0	0	0	0	0	0
fsh-generated/resources/Practitioner-stf2007723.json	165	0	0	0	0	0	0	0	0	0	0	0	0	0	0	0	0	0	0	0	1	2	0	0	0	0	0	0
fsh-generated/resources/PractitionerRole-PractitionerRole-Physiotherapist.json	7563	1	0	0	0	0	0	0	0	7	0	0	0	0	0	0	0	0	0	0	10	15	0	0	0	0	0	0
fsh-generated/resources/PractitionerRole-PractitionerRole-agb1000203.json	5458	1	0	0	0	0	0	0	1	5	0	0	0	0	0	0	0	0	0	0	8	9	0	0	0	0	0	0
fsh-generated/resources/PractitionerRole-agb1000043.json	63	1	0	0	0	0	0	0	0	0	0	0	0	0	0	0	0	0	0	0	1	2	0	0	0	0	0	0
fsh-generated/resources/PractitionerRole-agb1000204.json	5278	1	0	0	0	0	0	0	0	5	0	0	0	0	0	0	0	0	0	0	7	6	0	0	0	0	0	0
fsh-generated/resources/PractitionerRole-agb1000456.json	63	0	0	0	0	0	0	0	0	0	0	0	0	0	0	0	0	0	0	0	2	2	0	0	0	0	0	0
fsh-generated/resources/PractitionerRole-agb1001233.json	172	1	0	0	0	0	0	0	0	0	0	0	0	0	0	0	0	0	0	0	1	2	0	0	0	0	0	0
fsh-generated/resources/PractitionerRole-agb103.json	164	0	0	0	0	0	0	0	0	0	0	0	0	0	0	0	0	0	0	0	2	3	0	0	0	1	0	0
fsh-generated/resources/PractitionerRole-agb104.json	164	1	0	0	0	0	0	0	0	1	0	0	0	0	0	0	0	0	0	0	2	2	0	0	0	0	0	0
fsh-generated/resources/PractitionerRole-agb113.json	164	0	0	0	0	0	0	0	0	0	0	0	0	0	0	0	0	0	0	0	1	2	0	0	0	0	0	0
fsh-generated/resources/PractitionerRole-agb27.json	162	1	0	0	0	0	0	0	0	0	0	0	0	0	0	0	0	0	0	0	2	3	0	0	0	0	0	0
fsh-generated/resources/PractitionerRole-agb30.json	162	0	0	0	1	0	0	0	0	0	0	0	0	0	0	0	0	0	0	0	1	2	0	0	0	0	0	0
fsh-generated/resources/PractitionerRole-agb42.json	162	1	0	0	0	0	0	0	0	1	0	0	0	0	0	0	0	0	0	0	2	2	0	0	0	0	0	0
fsh-generated/resources/PractitionerRole-agb57.json	162	0	0	0	0	0	0	0	0	0	0	0	0	0	0	0	0	0	0	0	2	3	0	0	0	0	0	0
fsh-generated/resources/PractitionerRole-agb59.json	162	1	0	0	0	0	0	0	0	0	0	0	0	0	0	0	0	0	0	0	1	2	0	0	0	0	0	0
fsh-generated/resources/PractitionerRole-agb61.json	162	0	0	0	0	0	0	0	0	1	0	0	0	0	0	0	0	0	0	0	2	2	0	0	0	0	0	0
fsh-generated/resources/PractitionerRole-agb91.json	162	0	0	0	0	0	0	0	0	0	0	0	0	0	0	0	0	0	0	0	2	2	0	0	0	0	0	0
fsh-generated/resources/Procedure-agv1001423.json	1581	1	0	0	0	0	0	0	0	2	0	0	0	0	0	0	0	0	0	0	4	12	0	0	0	0	0	0
fsh-generated/resources/Procedure-agv1001425.json	1185	0	0	0	0	0	0	0	0	1	0	0	0	0	0	0	0	0	0	0	3	5	0	0	0	0	0	0
fsh-generated/resources/RelatedPerson-ain1000001.json	1960	1	0	0	0	0	0	0	1	1	0	0	0	0	0	0	0	0	0	0	5	7	0	0	0	0	0	0
fsh-generated/resources/RelatedPerson-ain1000003.json	1959	1	0	0	0	0	0	0	0	1	0	0	0	0	0	0	0	0	0	0	4	6	0	0	0	0	0	0
fsh-generated/resources/RelatedPerson-aoz1000067cdp1000063.json	2486	0	0	0	0	0	0	0	0	1	0	0	0	0	0	0	0	0	0	0	5	5	0	0	0	0	0	0
fsh-generated/resources/RelatedPerson-aoz2007976cdp2009597.json	2718	1	0	0	0	0	0	0	0	1	0	0	0	0	0	0	0	0	0	0	5	5	0	0	0	0	0	0
fsh-generated/resources/ServiceRequest-agc1002251.json	157	0	0	0	0	0	0	0	0	1	0	0	0	0	0	0	0	0	0	0	2	9	0	0	0	0	0	0
fsh-generated/resources/ServiceRequest-agc48.json	152	1	0	0	0	0	0	0	0	0	0	0	0	0	0	0	0	0	0	0	2	3	0	0	0	0	0	0
fsh-generated/resources/ServiceRequest-ahr1003778.json	161	0	0	0	0	0	0	0	0	1	0	0	0	0	0	0	0	0	0	0	2	4	0	0	0	0	0	0
fsh-generated/resources/StructureDefinition-AppointmentReschedulingPeriodExtension.json	1063	1	0	8	0	0	0	0	0	49	0	0	0	0	0	1	0	1	0	0	27	475	0	0	0	0	1	0
fsh-generated/resources/StructureDefinition-BankAccountNumber1.json	1014	0	0	4	0	0	0	0	1	5	0	0	0	0	0	0	0	0	0	0	25	104	0	0	0	1	0	0
fsh-generated/resources/StructureDefinition-BankAccountNumber2.json	1014	1	0	4	0	0	0	0	0	4	0	0	0	0	0	0	0	0	0	0	27	95	0	0	0	1	0	0
fsh-generated/resources/StructureDefinition-BedTime.json	941	0	0	4	0	0	0	0	0	4	0	0	0	0	0	0	0	0	0	0	25	109	0	0	0	1	0	1
fsh-generated/resources/StructureDefinition-BedTypeId.json	960	1	0	4	0	0	0	0	0	5	0	0	0	0	0	0	0	0	0	0	26	87	0	0	0	0	0	0
fsh-generated/resources/StructureDefinition-ContactTypeExtension.json	3960	0	0	10	0	0	0	0	0	28	0	0	0	0	0	0	0	0	0	0	80	165	0	0	0	3	0	0
fsh-generated/resources/StructureDefinition-DIPS-DiagnosticReport-WorkFlow.json	1445	1	0	5	1	0	0	0	0	5	0	0	0	0	0	0	0	0	0	0	26	85	0	0	0	1	0	0
fsh-generated/resources/StructureDefinition-DIPSAppointment.json	12584	1	0	63	0	0	0	0	0	50	0	0	0	0	0	0	0	1	0	0	216	368	0	1	0	7	0	0
fsh-generated/resources/StructureDefinition-DIPSAppointmentSchedule.json	3040	1	0	13	0	0	0	1	0	12	0	0	1	0	0	0	0	0	0	0	92	174	0	0	0	4	0	0
fsh-generated/resources/StructureDefinition-DIPSBasisLabObservationR4.json	12839	1	0	63	0	0	0	0	0	54	0	0	0	0	0	0	0	1	0	0	342	453	0	0	0	13	0	1
fsh-generated/resources/StructureDefinition-DIPSBasisOrganizationR4Reference.json	6021	1	0	39	0	0	0	0	0	27	0	0	0	0	0	0	0	1	0	0	206	322	0	0	0	7	0	0
fsh-generated/resources/StructureDefinition-DIPSBasisPatientR4Reference.json	546	1	0	7	0	0	0	0	0	4	0	0	0	0	0	0	0	0	0	0	27	91	0	0	0	1	0	0
fsh-generated/resources/StructureDefinition-DIPSBasisPractitionerR4.json	5829	0	0	43	0	0	0	0	0	29	0	0	0	0	0	0	0	1	0	0	212	359	0	0	0	8	0	1
fsh-generated/resources/StructureDefinition-DIPSBasisPractitionerRoleR4Reference.json	4362	1	0	25	0	0	0	0	0	18	0	0	0	0	0	0	0	1	0	0	126	183	0	0	0	4	0	0
fsh-generated/resources/StructureDefinition-DIPSConditionAsserterReferenceOrg.json	3235	1	0	18	0	0	0	0	0	13	0	0	0	0	0	0	0	0	0	0	99	153	0	0	0	4	0	0
fsh-generated/resources/StructureDefinition-DIPSConditionAsserterReferencePR.json	4476	0	0	22	0	0	0	0	0	15	0	0	0	0	0	0	0	1	0	0	126	180	0	0	0	4	0	1
fsh-generated/resources/StructureDefinition-DIPSConditionEncounterReference.json	2057	1	0	24	0	0	0	0	0	11	0	0	1	0	0	0	0	1	0	0	124	212	0	0	0	5	1	0
fsh-generated/resources/StructureDefinition-DIPSConditionSubjectReference.json	6023	1	0	31	0	0	0	0	0	20	0	0	0	0	0	0	0	1	0	0	187	258	0	0	0	6	0	0
fsh-generated/resources/StructureDefinition-DIPSDiagnosticOrderSpecimenReference.json	570	0	0	6	0	0	0	0	0	3	0	0	0	0	0	0	0	0	0	0	27	81	0	0	0	1	0	0
fsh-generated/resources/StructureDefinition-DIPSDiagnosticReport.json	10435	1	0	30	0	0	0	0	1	29	0	0	0	0	0	0	0	0	0	0	212	243	0	0	0	9	0	1
fsh-generated/resources/StructureDefinition-DIPSDiagnosticReportOrganizationReference.json	4495	1	0	19	1	0	0	0	0	15	0	0	0	0	0	0	0	1	0	0	124	167	0	0	0	5	0	0
fsh-generated/resources/StructureDefinition-DIPSDiagnosticReportPractitionerReference.json	2993	0	0	15	0	0	0	0	0	10	0	0	0	0	0	0	0	0	0	0	97	155	0	0	0	4	0	0
fsh-generated/resources/StructureDefinition-DIPSDiagnosticReportSubjectReference.json	4786	1	0	25	0	0	0	0	0	16	0	0	0	0	0	0	0	1	0	0	164	214	0	0	0	6	0	1
fsh-generated/resources/StructureDefinition-DIPSDocRefContextAppointment.json	2341	1	0	15	0	0	0	0	0	9	0	0	0	0	0	0	0	1	0	0	90	148	0	0	0	4	0	0
fsh-generated/resources/StructureDefinition-DIPSDocRefContextEncounter.json	2145	0	0	23	0	0	0	0	0	11	0	0	0	0	0	0	0	0	0	0	124	185	0	0	0	5	0	0
fsh-generated/resources/StructureDefinition-DIPSDocRefOrganization.json	2041	1	0	13	0	0	0	0	0	7	0	0	0	0	0	0	0	0	0	0	74	123	0	0	0	3	0	1
fsh-generated/resources/StructureDefinition-DIPSDocumentReferenceApprovedByName.json	1147	0	0	4	0	0	0	0	0	4	0	0	0	0	0	0	0	1	0	0	26	72	0	0	0	1	0	0
fsh-generated/resources/StructureDefinition-DIPSDocumentReferenceApprovedByNameNamedQuery.json	1702	1	0	4	0	0	0	0	0	4	0	0	0	0	0	0	0	0	0	0	26	67	0	0	0	1	0	0
fsh-generated/resources/StructureDefinition-DIPSDocumentReferenceApprovedTime.json	1141	0	0	3	0	0	0	0	0	3	0	0	0	0	0	0	0	0	0	0	25	68	0	0	0	0	0	0
fsh-generated/resources/StructureDefinition-DIPSDocumentReferenceApprovedTimeNamedQuery.json	1684	1	0	4	0	0	0	0	0	3	0	0	0	0	0	0	0	0	0	0	26	68	0	0	0	1	0	0
fsh-generated/resources/StructureDefinition-DIPSDocumentReferenceAuthPractionerRole.json	862	0	0	32	0	0	0	0	0	9	0	0	0	0	0	0	0	0	0	0	89	148	0	0	0	3	0	0
fsh-generated/resources/StructureDefinition-DIPSDocumentReferenceCreatedBy.json	1127	1	0	5	0	0	0	0	0	4	0	0	0	0	0	0	0	0	0	0	26	69	0	0	0	1	0	0
fsh-generated/resources/StructureDefinition-DIPSDocumentReferenceCreatedByNamedQuery.json	1658	0	0	4	0	0	0	0	0	4	0	0	0	0	1	0	0	0	0	0	26	70	0	0	0	1	0	0
fsh-generated/resources/StructureDefinition-DIPSDocumentReferenceDictatedDuration.json	1831	1	0	7	0	0	0	0	0	5	0	0	0	0	0	0	0	0	0	0	38	79	0	0	0	1	0	0
fsh-generated/resources/StructureDefinition-DIPSDocumentReferenceDictatedTime.json	1336	0	0	5	0	0	0	0	0	3	0	0	0	0	0	0	0	0	0	0	26	68	0	0	0	1	0	0
fsh-generated/resources/StructureDefinition-DIPSDocumentReferenceDictatedTimeNamedQuery.json	1742	1	0	3	0	0	0	0	0	4	0	0	0	0	0	0	0	1	0	0	26	67	0	0	0	1	0	0
fsh-generated/resources/StructureDefinition-DIPSDocumentReferenceDocumentFormat.json	1147	0	0	4	0	0	0	0	0	3	0	0	1	0	0	0	0	0	0	0	25	68	0	0	0	0	0	0
fsh-generated/resources/StructureDefinition-DIPSDocumentReferenceDocumentFormatNamedQuery.json	1698	1	0	3	0	0	0	0	0	4	0	0	0	0	0	0	0	0	0	0	26	70	0	0	0	1	0	0
fsh-generated/resources/StructureDefinition-DIPSDocumentReferenceEPRGroup.json	1123	0	0	4	0	0	0	0	0	3	0	0	0	0	0	0	0	0	0	0	24	68	0	0	0	1	0	0
fsh-generated/resources/StructureDefinition-DIPSDocumentReferenceEPRGroupNamedQuery.json	1650	1	0	3	0	0	0	0	0	3	0	0	0	0	0	0	0	0	0	0	26	69	0	0	0	0	0	0
fsh-generated/resources/StructureDefinition-DIPSDocumentReferenceEventTime.json	1129	0	0	4	0	0	0	0	0	3	0	0	0	0	0	0	0	0	0	0	25	67	0	0	0	1	0	0
fsh-generated/resources/StructureDefinition-DIPSDocumentReferenceEventTimeNamedQuery.json	1660	1	0	4	0	0	0	0	0	4	0	0	0	0	0	0	0	0	0	0	26	67	0	0	0	1	0	0
fsh-generated/resources/StructureDefinition-DIPSDocumentReferenceHospitalStayId.json	1147	1	0	3	0	0	0	0	0	3	0	0	0	0	0	0	0	0	0	0	26	67	0	0	0	0	0	0
fsh-generated/resources/StructureDefinition-DIPSDocumentReferenceHospitalStayIdNamedQuery.json	1700	0	0	4	0	0	0	0	0	3	0	0	0	0	0	0	0	0	0	0	25	67	0	0	0	1	0	0
fsh-generated/resources/StructureDefinition-DIPSDocumentReferenceLastChangedBy.json	1143	1	0	3	0	0	0	0	0	3	0	0	0	0	0	0	0	0	0	0	25	66	0	0	0	1	0	0
fsh-generated/resources/StructureDefinition-DIPSDocumentReferenceLastChangedByNamedQuery.json	1694	0	0	4	0	0	0	0	0	3	0	0	0	0	0	0	0	0	0	0	26	66	0	0	0	0	0	0
fsh-generated/resources/StructureDefinition-DIPSDocumentReferenceLastUpdatedTime.json	1153	1	0	3	1	0	0	0	0	3	0	0	0	0	0	0	0	0	0	0	25	67	0	0	0	1	0	0
fsh-generated/resources/StructureDefinition-DIPSDocumentReferenceLastUpdatedTimeNamedQuery.json	1710	0	0	4	0	0	0	0	0	3	0	0	0	0	0	0	0	0	0	0	26	68	0	0	0	1	0	0
fsh-generated/resources/StructureDefinition-DIPSDocumentReferenceLocationIdExtension.json	1167	1	0	3	0	0	0	0	0	3	0	0	0	0	0	0	0	0	0	0	25	68	0	0	0	0	0	1
fsh-generated/resources/StructureDefinition-DIPSDocumentReferencePractitionerRole.json	4740	1	0	1	0	0	0	0	0	17	0	0	0	0	0	0	0	1	0	0	129	159	0	0	0	5	0	0
fsh-generated/resources/StructureDefinition-DIPSDocumentReferenceReferralId.json	2373	0	0	6	0	0	0	0	0	11	0	0	0	0	0	0	0	0	0	0	60	92	0	0	0	2	0	0
fsh-generated/resources/StructureDefinition-DIPSDocumentReferenceSection.json	2379	1	0	10	0	0	0	0	0	7	0	0	0	0	0	0	0	0	0	0	61	96	0	0	0	2	0	0
fsh-generated/resources/StructureDefinition-DIPSDocumentReferenceSubject.json	5508	1	0	16	0	0	0	0	0	17	0	0	0	0	0	0	0	1	0	0	167	212	0	0	0	6	0	0
fsh-generated/resources/StructureDefinition-DIPSDocumentReferenceTemplateIdExtension.json	1328	0	0	8	0	0	0	0	0	4	0	0	0	0	0	0	0	0	0	0	25	71	0	0	0	1	0	0
fsh-generated/resources/StructureDefinition-DIPSDocumentReferenceTerminalAddress.json	1634	1	0	4	0	0	0	0	0	4	0	0	0	0	0	0	0	0	0	0	26	71	0	0	0	1	0	0
fsh-generated/resources/StructureDefinition-DIPSDocumentReferenceWard.json	2367	0	0	5	0	0	0	0	0	7	0	0	0	0	0	0	0	0	0	0	61	91	0	0	0	2	0	1
fsh-generated/resources/StructureDefinition-DIPSDocumentTypeId.json	1474	1	0	4	0	0	0	0	0	3	0	0	0	0	0	0	0	0	0	0	25	71	0	0	0	1	0	0
fsh-generated/resources/StructureDefinition-DIPSEncounterLocation.json	6837	1	0	15	0	0	0	0	1	20	0	0	0	0	0	0	0	1	0	0	183	185	0	0	0	6	0	0
fsh-generated/resources/StructureDefinition-DIPSEncounterOrganization.json	6118	1	0	18	0	0	0	0	0	17	0	0	0	0	0	0	0	1	0	0	162	169	0	0	0	7	0	0
fsh-generated/resources/StructureDefinition-DIPSEncounterPractitionerReference.json	3073	0	0	11	0	0	0	0	0	10	0	0	0	0	0	0	0	0	0	0	103	148	0	0	0	4	0	1
fsh-generated/resources/StructureDefinition-DIPSEncounterServiceRequest.json	1771	1	0	10	1	0	0	0	0	9	0	0	0	0	0	0	0	0	0	0	95	159	0	0	0	5	0	0
fsh-generated/resources/StructureDefinition-DIPSEncounterSubjectReference.json	4768	1	0	18	0	0	0	0	0	16	0	0	1	0	0	0	0	1	0	0	163	211	0	0	0	6	0	0
fsh-generated/resources/StructureDefinition-DIPSHealthcareService.json	19293	1	0	73	0	0	0	0	0	66	0	0	0	0	0	0	0	3	0	0	513	579	0	0	0	17	1	1
fsh-generated/resources/StructureDefinition-DIPSHealthcareServiceAddress.json	2240	1	0	5	0	0	0	0	0	9	0	0	0	0	0	0	0	0	0	0	60	110	0	0	0	3	0	0
fsh-generated/resources/StructureDefinition-DIPSHealthcareServiceCommunicationProtocol.json	1078	0	0	2	0	0	0	0	0	4	0	0	0	0	0	0	0	0	0	0	26	69	0	0	0	1	0	0
fsh-generated/resources/StructureDefinition-DIPSHealthcareServiceDepartment.json	1446	1	0	2	0	0	0	0	0	5	0	0	0	0	0	0	0	0	0	0	37	89	0	0	0	1	0	0
fsh-generated/resources/StructureDefinition-DIPSHealthcareServiceHospital.json	1438	0	0	2	0	0	0	0	0	5	0	0	0	0	0	0	0	0	0	0	38	88	0	0	0	1	0	1
fsh-generated/resources/StructureDefinition-DIPSHealthcareServiceIsPaperCopy.json	1433	1	0	2	0	0	0	0	0	5	0	0	0	0	0	0	0	0	0	0	37	88	0	0	0	1	0	0
fsh-generated/resources/StructureDefinition-DIPSHealthcareServiceSection.json	1434	1	0	2	0	0	0	0	0	5	0	0	0	0	0	0	0	0	0	0	38	90	0	0	0	1	0	0
fsh-generated/resources/StructureDefinition-DIPSHealthcareServiceWard.json	1422	0	0	2	0	0	0	0	0	5	0	0	0	0	0	0	0	0	0	0	38	88	0	0	0	1	0	0
fsh-generated/resources/StructureDefinition-DIPSHospitalStayEncounter.json	5498	1	0	19	0	0	0	0	0	18	0	0	0	0	0	0	0	1	0	0	180	162	0	0	0	6	0	0
fsh-generated/resources/StructureDefinition-DIPSIsResponsible.json	1413	0	0	3	0	0	0	0	0	4	0	0	0	0	0	0	0	0	0	0	25	65	0	0	0	1	0	0
fsh-generated/resources/StructureDefinition-DIPSJournalId.json	2788	1	0	5	0	0	0	0	0	7	0	0	0	0	0	0	0	0	0	0	63	95	0	0	0	2	0	0
fsh-generated/resources/StructureDefinition-DIPSLabsObservationReference.json	1202	0	0	3	0	0	0	0	0	5	0	0	0	0	0	0	0	0	0	0	47	79	0	0	0	2	0	0
fsh-generated/resources/StructureDefinition-DIPSLocation.json	20791	2	0	51	0	0	0	0	0	55	0	0	1	0	0	0	0	3	0	0	509	534	0	0	0	17	0	2
fsh-generated/resources/StructureDefinition-DIPSLocationReference.json	6168	1	0	18	1	0	0	0	0	19	0	0	0	0	0	0	0	1	0	0	199	306	0	1	0	7	1	0
fsh-generated/resources/StructureDefinition-DIPSMonitoringNotes.json	1346	1	0	8	0	0	0	0	0	4	0	0	0	0	0	0	0	0	0	0	26	77	0	0	0	1	0	0
fsh-generated/resources/StructureDefinition-DIPSObservationSubjectReference.json	4771	0	0	16	0	0	0	0	0	15	0	0	0	0	0	0	0	1	0	0	164	250	0	0	0	6	0	1
fsh-generated/resources/StructureDefinition-DIPSOrganization.json	32977	2	0	61	0	0	0	0	1	64	0	0	1	0	0	0	0	2	0	0	644	609	0	0	0	23	0	1
fsh-generated/resources/StructureDefinition-DIPSOrganizationReference.json	1251	1	0	6	0	0	0	0	0	5	0	0	0	0	0	0	0	1	0	0	47	79	0	0	0	2	0	0
fsh-generated/resources/StructureDefinition-DIPSPatient.json	15351	1	0	40	0	0	0	0	0	50	0	0	0	0	0	0	0	2	0	0	387	481	0	0	0	16	0	1
fsh-generated/resources/StructureDefinition-DIPSPatientContactIdentifier.json	1040	1	0	3	0	0	0	0	0	4	0	0	0	0	0	0	0	0	0	0	25	70	0	0	0	1	0	0
fsh-generated/resources/StructureDefinition-DIPSPatientContactPractitionerRoleName.json	1071	0	0	2	0	0	0	0	0	4	0	0	0	0	0	0	0	0	0	0	25	71	0	0	0	1	0	0
fsh-generated/resources/StructureDefinition-DIPSPerson.json	13892	1	0	26	0	0	0	0	0	31	0	0	0	0	0	0	0	1	0	0	280	288	0	0	0	10	0	1
fsh-generated/resources/StructureDefinition-DIPSPersonDeathComment.json	998	1	0	3	0	0	0	0	0	4	0	0	0	0	0	0	0	0	0	0	25	68	0	0	0	0	0	0
fsh-generated/resources/StructureDefinition-DIPSPersonDeathRegisteredBy.json	1018	1	0	2	0	0	0	0	0	4	0	0	0	0	0	0	0	0	0	0	25	68	0	0	0	1	0	0
fsh-generated/resources/StructureDefinition-DIPSPersonDeathRegisteredTime.json	1028	0	0	2	0	0	0	0	0	4	0	0	0	0	0	0	0	0	0	0	25	69	0	0	0	1	0	0
fsh-generated/resources/StructureDefinition-DIPSPersonHospitalSectorId.json	1010	1	0	1	0	0	0	0	0	3	0	0	0	0	0	0	0	0	0	0	25	69	0	0	0	0	0	0
fsh-generated/resources/StructureDefinition-DIPSPersonHospitalSectorName.json	1022	0	0	2	0	0	0	0	0	4	0	0	0	0	0	0	0	0	0	0	25	70	0	0	0	1	0	0
fsh-generated/resources/StructureDefinition-DIPSPersonLanguage.json	982	1	0	1	1	0	0	0	0	3	0	0	0	0	0	0	0	0	0	0	25	74	0	0	0	1	0	0
fsh-generated/resources/StructureDefinition-DIPSPersonLastOfficialAddressSyncTime.json	1068	0	0	2	0	0	0	0	0	4	0	0	0	0	0	0	0	0	0	0	25	73	0	0	0	0	0	0
fsh-generated/resources/StructureDefinition-DIPSPersonMunicipality.json	1015	1	0	1	0	0	0	0	0	3	0	0	0	0	0	0	0	0	0	0	24	74	0	0	0	1	0	0
fsh-generated/resources/StructureDefinition-DIPSPersonStateName.json	994	0	0	1	0	0	0	0	0	3	0	0	0	0	0	0	0	0	0	0	25	72	0	0	0	1	0	0
fsh-generated/resources/StructureDefinition-DIPSPractitioner.json	4332	1	0	17	0	0	0	0	0	16	0	0	0	0	0	0	0	1	0	0	175	263	0	0	0	6	0	1
fsh-generated/resources/StructureDefinition-DIPSPractitionerReference.json	580	0	0	3	0	0	0	0	0	3	0	0	0	0	0	0	0	0	0	0	28	76	0	0	0	1	0	0
fsh-generated/resources/StructureDefinition-DIPSPractitionerRole.json	20990	2	0	51	0	0	0	0	1	59	0	0	1	0	0	0	0	3	0	0	452	680	0	0	0	15	0	1
fsh-generated/resources/StructureDefinition-DIPSPractitionerRoleCommunicationProtocol.json	1336	1	0	4	0	0	0	0	0	6	0	0	0	0	0	0	0	0	0	0	38	76	0	0	0	1	1	0
fsh-generated/resources/StructureDefinition-DIPSPractitionerRoleCommunicationType.json	2699	0	0	3	0	0	0	0	0	11	0	0	0	0	0	0	0	0	0	0	53	89	0	0	0	2	0	0
fsh-generated/resources/StructureDefinition-DIPSPractitionerRoleCommunicationTypeId.json	1066	1	0	2	0	0	0	0	0	3	0	0	0	0	0	0	0	0	0	0	25	67	0	0	0	0	0	0
fsh-generated/resources/StructureDefinition-DIPSPractitionerRoleDipsSignature.json	1444	0	0	2	0	0	0	0	0	5	0	0	0	0	0	0	0	0	0	0	38	87	0	0	0	1	0	0
fsh-generated/resources/StructureDefinition-DIPSPractitionerRoleHcpRoleName.json	1436	1	0	2	0	0	0	0	0	5	0	0	0	0	0	0	0	0	0	0	37	85	0	0	0	3	0	0
fsh-generated/resources/StructureDefinition-DIPSPractitionerRoleHealthCarePartyDepartment.json	1894	0	0	2	0	0	0	0	0	6	0	0	0	0	0	0	0	0	0	0	39	86	0	0	0	1	0	0
fsh-generated/resources/StructureDefinition-DIPSPractitionerRoleHealthCarePartyType.json	792	1	0	2	1	0	0	0	0	3	0	0	0	0	0	0	0	0	0	0	24	76	0	0	0	1	0	0
fsh-generated/resources/StructureDefinition-DIPSPractitionerRoleHealthCarePosition.json	1464	0	0	2	0	0	0	0	0	4	0	0	0	0	0	0	0	1	0	0	38	86	0	0	0	1	0	0
fsh-generated/resources/StructureDefinition-DIPSPractitionerRoleHospital.json	1826	1	0	2	0	0	0	0	0	5	0	0	0	0	0	0	0	0	0	0	38	86	0	0	0	1	0	1
fsh-generated/resources/StructureDefinition-DIPSPractitionerRoleIsPaperCopy.json	1035	1	0	9	0	0	0	0	0	3	0	0	0	0	0	0	0	0	0	0	25	66	0	0	0	1	0	0
fsh-generated/resources/StructureDefinition-DIPSPractitionerRoleReference.json	552	0	0	3	0	0	0	0	0	3	0	0	0	0	0	0	0	0	0	0	26	72	0	0	0	1	0	0
fsh-generated/resources/StructureDefinition-DIPSPractitionerRoleSection.json	1822	1	0	2	0	0	0	0	0	4	0	0	0	0	0	0	0	0	0	0	38	87	0	0	0	1	0	0
fsh-generated/resources/StructureDefinition-DIPSPractitionerRoleUserRoleDepartment.json	1866	0	0	3	0	0	0	0	0	5	0	0	0	0	0	0	0	0	0	0	38	88	0	0	0	1	0	0
fsh-generated/resources/StructureDefinition-DIPSPractitionerRoleUserRoleId.json	1432	1	0	2	0	0	0	0	0	4	0	0	0	0	0	0	0	0	0	0	37	84	0	0	0	1	0	0
fsh-generated/resources/StructureDefinition-DIPSPractitionerRoleUserRoleLastUpdated.json	1474	0	0	2	0	0	0	0	0	4	0	0	0	0	0	0	0	0	0	0	38	85	0	0	0	1	0	0
fsh-generated/resources/StructureDefinition-DIPSPractitionerRoleUserRoleName.json	1440	1	0	2	0	0	0	0	0	5	0	0	0	0	0	0	0	0	0	0	37	84	0	0	0	1	0	0
fsh-generated/resources/StructureDefinition-DIPSPractitionerRoleWard.json	1810	1	0	2	0	0	0	0	0	5	0	0	0	0	0	0	0	0	0	0	38	85	0	0	0	1	0	0
fsh-generated/resources/StructureDefinition-DIPSPractitionerSpecialist.json	1021	0	0	1	0	0	0	0	0	2	0	0	0	0	0	0	0	0	0	0	25	64	0	0	0	1	0	0
fsh-generated/resources/StructureDefinition-DIPSProcedureEncounterReference.json	2063	1	0	13	0	0	0	0	0	10	0	0	0	0	0	0	0	1	0	0	127	181	0	0	0	4	0	0
fsh-generated/resources/StructureDefinition-DIPSProcedurePerformerAuthorreference.json	4493	0	0	11	1	0	0	0	0	11	0	0	0	0	0	0	0	1	0	0	127	153	0	0	0	5	0	1
fsh-generated/resources/StructureDefinition-DIPSProcedureSubjectReference.json	5983	1	0	15	0	0	0	0	0	17	0	0	0	0	0	0	0	1	0	0	188	212	0	0	0	6	0	0
fsh-generated/resources/StructureDefinition-DIPSR4Condition.json	15471	1	0	33	0	0	0	0	0	39	0	0	1	0	0	0	0	1	0	0	362	301	0	2	0	12	0	1
fsh-generated/resources/StructureDefinition-DIPSR4DocumentReference.json	19882	2	0	29	0	0	0	0	1	28	0	0	0	0	0	0	0	1	0	0	264	243	0	0	0	10	0	0
fsh-generated/resources/StructureDefinition-DIPSR4Encounter.json	31748	2	0	44	0	0	0	0	0	70	0	0	0	0	0	0	0	2	0	0	581	477	0	0	0	21	0	1
fsh-generated/resources/StructureDefinition-DIPSR4Procedure.json	15923	1	0	21	0	0	0	0	0	33	0	0	1	0	0	0	0	1	0	0	321	276	0	0	0	11	0	1
fsh-generated/resources/StructureDefinition-DIPSReferenceLocation.json	1453	0	0	4	0	0	0	0	0	4	0	0	0	0	0	0	0	0	0	0	25	65	0	0	0	1	0	0
fsh-generated/resources/StructureDefinition-DIPSReferenceSection.json	1445	1	0	3	0	0	0	0	0	3	0	0	0	0	0	0	0	0	0	0	25	69	0	0	0	1	0	0
fsh-generated/resources/StructureDefinition-DIPSReferenceWard.json	1421	0	0	3	0	0	0	0	0	3	0	0	0	0	0	0	0	0	0	0	25	63	0	0	0	0	0	0
fsh-generated/resources/StructureDefinition-DIPSRelatedPerson.json	10887	1	0	33	0	0	0	0	0	43	0	0	0	0	0	0	0	2	0	0	362	377	0	0	0	13	1	1
fsh-generated/resources/StructureDefinition-DIPSRelatedPersonAdditionalInformation.json	1069	1	0	4	0	0	0	0	0	4	0	0	0	0	0	0	0	0	0	0	26	66	0	0	0	0	0	0
fsh-generated/resources/StructureDefinition-DIPSRelatedPersonAppointedByMunicipality.json	1077	0	0	3	0	0	0	0	0	3	0	0	0	0	0	0	0	0	0	0	25	67	0	0	0	1	0	0
fsh-generated/resources/StructureDefinition-DIPSRelatedPersonKinship.json	1013	1	0	2	0	0	0	0	0	4	0	0	0	0	0	0	0	0	0	0	24	69	0	0	0	1	0	0
fsh-generated/resources/StructureDefinition-DIPSRelatedPersonParentalResponsibility.json	1074	0	0	2	0	0	0	0	0	3	0	0	0	0	0	0	0	0	0	0	26	63	0	0	0	0	0	0
fsh-generated/resources/StructureDefinition-DIPSRelatedPersonResponsibleRequisitioner.json	1084	0	0	2	1	0	0	0	0	3	0	0	0	0	0	0	0	0	0	0	25	63	0	0	0	1	0	0
fsh-generated/resources/StructureDefinition-DIPSRemoteMonitoring.json	19179	2	0	29	0	0	0	0	0	50	0	0	0	0	0	0	0	2	0	0	432	305	0	0	0	14	0	1
fsh-generated/resources/StructureDefinition-DIPSSubjectReference.json	4741	0	0	14	0	0	0	0	0	16	0	0	0	0	0	0	0	0	0	0	164	181	0	0	0	5	0	0
fsh-generated/resources/StructureDefinition-DIPSVitalSignsHeartRhythmIrregularity.json	1377	1	0	4	0	0	0	0	0	4	0	0	0	0	0	0	0	1	0	0	26	64	0	0	0	1	0	0
fsh-generated/resources/StructureDefinition-DIPSVitalSignsLocation.json	1340	0	0	3	0	0	0	0	1	4	0	0	0	0	0	0	0	0	0	0	26	65	0	0	0	1	0	0
fsh-generated/resources/StructureDefinition-DIPSVitalSignsObservationBloodpressure.json	20828	2	0	54	0	0	0	0	0	62	0	0	1	0	0	0	0	2	0	0	604	602	0	0	0	21	0	1
fsh-generated/resources/StructureDefinition-DIPSVitalSignsObservationBodyHeight.json	14931	1	0	25	0	0	0	0	0	38	0	0	0	0	0	0	0	1	0	0	359	372	0	0	0	13	0	1
fsh-generated/resources/StructureDefinition-DIPSVitalSignsObservationBodyMassIndex.json	19292	2	0	31	0	0	0	0	0	52	0	0	0	0	0	0	0	2	0	0	392	388	0	0	0	13	0	1
fsh-generated/resources/StructureDefinition-DIPSVitalSignsObservationBodyMassIndexFormula.json	1343	0	0	3	0	0	0	0	0	4	0	0	0	0	0	0	0	0	0	0	26	66	0	0	0	1	1	0
fsh-generated/resources/StructureDefinition-DIPSVitalSignsObservationBodyTemp.json	15934	1	0	26	0	0	0	0	0	61	0	0	1	0	0	0	0	1	0	0	391	358	0	1	0	13	0	0
fsh-generated/resources/StructureDefinition-DIPSVitalSignsObservationBodyWeight.json	15229	2	0	24	0	0	0	0	0	37	0	0	0	0	0	0	0	2	0	0	367	343	0	0	0	13	0	1
fsh-generated/resources/StructureDefinition-DIPSVitalSignsObservationConfoundingFactor.json	1086	0	0	2	0	0	0	0	0	4	0	0	0	0	0	0	0	0	0	0	26	68	0	0	0	1	0	0
fsh-generated/resources/StructureDefinition-DIPSVitalSignsObservationConsciousness.json	17200	1	0	26	1	0	0	0	0	49	0	0	0	0	0	0	0	1	0	0	354	308	0	0	0	11	0	1
fsh-generated/resources/StructureDefinition-DIPSVitalSignsObservationEncounterReference.json	3820	1	0	17	0	0	0	0	0	20	0	0	0	0	0	0	0	1	0	0	154	193	0	0	0	6	0	0
fsh-generated/resources/StructureDefinition-DIPSVitalSignsObservationGCS.json	26017	2	0	38	0	0	0	0	1	89	0	0	0	0	0	0	0	2	0	0	574	511	0	0	0	18	0	2
fsh-generated/resources/StructureDefinition-DIPSVitalSignsObservationHeartRate.json	17538	1	0	25	0	0	0	0	0	60	0	0	1	0	0	0	0	2	0	0	401	362	0	0	0	14	0	4
fsh-generated/resources/StructureDefinition-DIPSVitalSignsObservationNews2Score.json	48111	2	0	66	0	0	0	0	0	139	0	0	0	0	0	0	0	3	0	0	1012	865	0	0	0	38	1	2
fsh-generated/resources/StructureDefinition-DIPSVitalSignsObservationOrganizationReference.json	5810	1	0	12	0	0	0	0	0	20	0	0	0	0	0	0	0	1	0	0	144	182	0	0	0	5	0	0
fsh-generated/resources/StructureDefinition-DIPSVitalSignsObservationOxygenSaturation.json	16277	2	0	27	0	0	0	0	0	42	0	0	1	0	0	0	0	1	0	0	397	338	0	0	0	13	0	1
fsh-generated/resources/StructureDefinition-DIPSVitalSignsObservationPrePostduktal.json	1450	0	0	3	0	0	0	0	0	4	0	0	0	0	0	0	0	0	0	0	26	65	0	0	0	1	0	0
fsh-generated/resources/StructureDefinition-DIPSVitalSignsObservationPulse.json	17193	2	0	27	0	0	0	0	0	38	0	0	0	0	0	0	0	2	0	0	400	377	0	0	0	14	0	1
fsh-generated/resources/StructureDefinition-DIPSVitalSignsObservationQSOFAScore.json	26492	1	0	36	0	0	0	0	0	56	0	0	0	0	0	0	0	2	0	0	562	493	0	1	0	18	0	1
fsh-generated/resources/StructureDefinition-DIPSVitalSignsObservationRespirationRate.json	15947	1	0	25	0	0	0	0	0	48	0	0	0	0	0	0	0	1	0	0	370	345	0	0	0	13	0	1
fsh-generated/resources/StructureDefinition-DIPSVitalSignsObservationSubjectReference.json	7340	1	0	16	1	0	0	0	0	25	0	0	1	0	0	0	0	1	0	0	192	214	0	0	0	7	1	0
fsh-generated/resources/StructureDefinition-DIPSVitalSignsPerformerAuthorReference.json	5858	1	0	12	0	0	0	0	1	14	0	0	0	0	0	0	0	1	0	0	149	163	0	0	0	5	0	1
fsh-generated/resources/StructureDefinition-Department.json	2183	0	0	4	0	0	0	0	0	7	0	0	0	0	0	0	0	0	0	0	60	86	0	0	0	2	0	0
fsh-generated/resources/StructureDefinition-DepartmentExtension.json	1725	0	0	3	0	0	0	0	0	5	0	0	0	0	0	0	0	0	0	0	52	86	0	0	0	2	0	0
fsh-generated/resources/StructureDefinition-DepartmentTypeCodeId.json	1008	1	0	2	0	0	0	0	0	3	0	0	0	0	0	0	0	0	0	0	25	64	0	0	0	0	0	0
fsh-generated/resources/StructureDefinition-DiagnoseGroupExtension.json	3864	0	0	4	0	0	0	0	0	9	0	0	0	0	0	0	0	0	0	0	79	95	0	0	0	3	0	0
fsh-generated/resources/StructureDefinition-DiagnosisATCCode.json	1292	1	0	3	0	0	0	0	0	3	0	0	0	0	0	0	0	0	0	0	26	62	0	0	0	0	0	0
fsh-generated/resources/StructureDefinition-DipsCanReceiveSms.json	1302	0	0	5	0	0	0	0	0	3	0	0	0	0	0	0	0	0	0	0	25	60	0	0	0	1	0	0
fsh-generated/resources/StructureDefinition-DipsCommentText.json	1273	0	0	2	0	0	0	0	0	3	0	0	0	0	0	0	0	0	0	0	25	61	0	0	0	1	0	1
fsh-generated/resources/StructureDefinition-DipsLocationExtension.json	1915	1	0	4	0	0	0	0	0	6	0	0	0	0	0	0	0	1	0	0	56	81	0	0	0	2	0	0
fsh-generated/resources/StructureDefinition-DipsOrganizationRef.json	3868	0	0	14	0	0	0	0	0	10	0	0	0	0	0	0	0	0	0	0	115	133	0	0	0	4	0	0
fsh-generated/resources/StructureDefinition-DipsPatientDeathComment.json	1003	1	0	3	0	0	0	0	0	3	0	0	0	0	0	0	0	0	0	0	26	63	0	0	0	0	0	0
fsh-generated/resources/StructureDefinition-DipsPatientDeathRegisteredBy.json	1001	0	0	2	0	0	0	0	0	3	0	0	0	0	0	0	0	0	0	0	25	62	0	0	0	1	0	0
fsh-generated/resources/StructureDefinition-DipsPatientDeathRegisteredTime.json	1033	1	0	2	0	0	0	0	0	2	0	0	1	0	0	0	0	0	0	0	25	63	0	0	0	1	0	0
fsh-generated/resources/StructureDefinition-DipsPatientHospitalSectorId.json	1020	0	0	3	0	0	0	0	0	3	0	0	0	0	0	0	0	0	0	0	26	64	0	0	0	0	0	0
fsh-generated/resources/StructureDefinition-DipsPatientHospitalSectorName.json	1027	0	0	2	1	0	0	0	0	3	0	0	0	0	0	0	0	0	0	0	25	65	0	0	0	1	0	0
fsh-generated/resources/StructureDefinition-DipsPatientLanguageId.json	1706	1	0	2	0	0	0	0	0	5	0	0	0	0	0	0	0	1	0	0	39	85	0	0	0	1	0	0
fsh-generated/resources/StructureDefinition-DipsPatientMunicipality.json	1020	0	0	2	0	0	0	0	0	3	0	0	0	0	0	0	0	0	0	0	25	63	0	0	0	1	0	0
fsh-generated/resources/StructureDefinition-DipsPatientPhoneTypeId.json	1399	1	0	3	0	0	0	0	0	6	0	0	0	0	0	0	0	0	0	0	38	83	0	0	0	1	0	0
fsh-generated/resources/StructureDefinition-DipsPatientStateName.json	999	0	0	2	0	0	0	0	0	4	0	0	0	0	0	0	0	0	0	0	26	62	0	0	0	0	0	0
fsh-generated/resources/StructureDefinition-IsSpecialistExtension.json	1001	0	0	2	0	0	0	0	0	4	0	0	0	0	0	0	0	0	0	0	25	63	0	0	0	1	0	0
fsh-generated/resources/StructureDefinition-IsUpdatedByPopulationRegister.json	1028	1	0	2	0	0	0	0	0	3	0	0	0	0	0	0	0	0	0	0	25	64	0	0	0	1	0	0
fsh-generated/resources/StructureDefinition-LastOfficialAddressSyncTime.json	1113	0	0	2	0	0	0	0	0	3	0	0	0	0	0	0	0	0	0	0	26	62	0	0	0	0	0	0
fsh-generated/resources/StructureDefinition-LevelOfCareExtension.json	3824	1	0	5	0	0	0	0	0	8	0	0	0	0	0	0	0	0	0	0	79	95	0	0	0	3	0	1
fsh-generated/resources/StructureDefinition-LocationAddressId.json	994	0	0	2	0	0	0	0	0	3	0	0	0	0	0	0	0	0	0	0	26	63	0	0	0	0	0	0
fsh-generated/resources/StructureDefinition-LocationExtension.json	1717	1	0	4	0	0	0	0	0	5	0	0	0	0	0	0	0	0	0	0	55	85	0	0	0	2	0	0
fsh-generated/resources/StructureDefinition-LocationLabLocalizationId.json	1018	0	0	2	0	0	0	0	0	3	0	0	0	0	0	0	0	0	0	0	26	63	0	0	0	1	0	0
fsh-generated/resources/StructureDefinition-LocationTypeCodeId.json	1000	0	0	2	1	0	0	0	0	3	0	0	0	0	0	0	0	0	0	0	25	63	0	0	0	0	0	0
fsh-generated/resources/StructureDefinition-LocationTypeId.json	980	1	0	2	0	0	0	0	0	3	0	0	0	0	0	0	0	0	0	0	25	62	0	0	0	1	0	0
fsh-generated/resources/StructureDefinition-LocationValidPeriod.json	990	0	0	2	0	0	0	0	0	2	0	0	0	0	0	0	0	1	0	0	26	63	0	0	0	1	0	0
fsh-generated/resources/StructureDefinition-LocationWorkplaceLocalizationId.json	1042	1	0	2	0	0	0	0	0	3	0	0	0	0	0	0	0	0	0	0	25	63	0	0	0	0	0	0
fsh-generated/resources/StructureDefinition-MunicipalityCode.json	998	0	0	2	0	0	0	0	0	3	0	0	0	0	0	0	0	0	0	0	25	62	0	0	0	1	0	0
fsh-generated/resources/StructureDefinition-MustOccurBefore.json	1174	1	0	13	0	0	0	0	0	3	0	0	0	0	0	0	0	0	0	0	26	63	0	0	0	1	0	0
fsh-generated/resources/StructureDefinition-NprLevelOfCareExtension.json	4011	0	0	4	0	0	0	0	0	8	0	0	0	0	0	0	0	0	0	0	80	99	0	0	0	2	0	0
fsh-generated/resources/StructureDefinition-OrganizationAddressId.json	1014	1	0	2	0	0	0	0	0	3	0	0	0	0	0	0	0	0	0	0	26	63	0	0	0	1	0	0
fsh-generated/resources/StructureDefinition-OrganizationPaymentCode.json	1010	0	0	2	0	0	0	0	0	3	0	0	0	0	0	0	0	0	0	0	25	64	0	0	0	0	0	0
fsh-generated/resources/StructureDefinition-OrganizationTypeCodeId.json	1016	0	0	2	0	0	0	0	0	6	0	0	0	0	0	0	0	0	0	0	26	63	0	0	0	1	0	0
fsh-generated/resources/StructureDefinition-OrganizationValidPeriod.json	1010	1	0	1	1	0	0	0	0	4	0	0	0	0	0	0	0	0	0	0	25	64	0	0	0	1	0	0
fsh-generated/resources/StructureDefinition-PartOfDepartment.json	1183	0	0	2	0	0	0	0	0	4	0	0	0	0	0	0	0	0	0	0	29	68	0	0	0	0	0	0
fsh-generated/resources/StructureDefinition-PartOfSection.json	1171	1	0	2	0	0	0	0	0	3	0	0	0	0	0	0	0	0	0	0	29	69	0	0	0	1	0	0
fsh-generated/resources/StructureDefinition-PlannedContactEndTimeExtension.json	1033	0	0	1	0	0	0	0	0	3	0	0	0	0	0	0	0	0	0	0	25	65	0	0	0	1	0	0
fsh-generated/resources/StructureDefinition-ReferredBy.json	2052	0	0	3	0	0	0	0	0	5	0	0	0	0	0	0	0	0	0	0	57	88	0	0	0	2	0	1
fsh-generated/resources/StructureDefinition-Reminder.json	1042	1	0	2	0	0	0	0	0	3	0	0	0	0	0	0	0	1	0	0	27	64	0	0	0	0	0	0
fsh-generated/resources/StructureDefinition-SectionExtension.json	1583	0	0	3	0	0	0	0	0	5	0	0	0	0	0	0	0	0	0	0	52	86	0	0	0	2	0	0
fsh-generated/resources/StructureDefinition-SectionProfessionCodeId.json	1020	1	0	1	0	0	0	0	0	3	0	0	0	0	0	0	0	0	0	0	26	64	0	0	0	1	0	0
fsh-generated/resources/StructureDefinition-SelfBookingSlot.json	2466	0	0	6	1	0	0	0	0	7	0	0	0	0	0	0	0	0	0	0	70	96	0	0	0	2	0	0
fsh-generated/resources/StructureDefinition-TeamTypeId.json	964	1	0	2	0	0	0	0	0	2	0	0	0	0	0	0	0	0	0	0	25	67	0	0	0	1	0	0
fsh-generated/resources/StructureDefinition-TerminationExtension.json	3824	0	0	3	0	0	0	0	0	9	0	0	0	0	0	0	0	0	0	0	80	95	0	0	0	2	0	0
fsh-generated/resources/StructureDefinition-TextResultObservation.json	1995	1	0	2	0	0	0	0	0	4	0	0	0	0	0	0	0	0	0	0	38	84	0	0	0	1	0	0
fsh-generated/resources/StructureDefinition-VideoUrl.json	943	0	0	2	0	0	0	0	0	3	0	0	0	0	0	0	0	0	0	0	25	62	0	0	0	1	0	0
fsh-generated/resources/StructureDefinition-WardExtension.json	1571	1	0	3	0	0	0	0	0	5	0	0	0	0	0	0	0	1	0	0	52	83	0	0	0	2	0	0
fsh-generated/resources/StructureDefinition-WardTypeCodeId.json	1065	0	0	1	0	0	0	0	0	3	0	0	0	0	0	0	0	0	0	0	26	62	0	0	0	0	0	0
fsh-generated/resources/StructureDefinition-requesterSigningStatus.json	2027	1	0	2	0	0	0	0	0	3	0	0	0	0	0	0	0	0	0	0	29	68	0	0	0	1	0	0
fsh-generated/resources/ValueSet-DIPSEncounterTypeCom.json	3280	0	0	0	1	0	0	0	1	30	0	0	0	0	0	0	0	0	0	0	14	43	0	0	0	1	0	0
fsh-generated/resources/ValueSet-DIPSEncounterV3.json	2363	1	0	0	0	0	0	0	0	4	0	0	0	0	0	0	0	0	0	0	15	46	0	0	0	0	0	0
fsh-generated/resources/ValueSet-DIPSGCSEyeOpeningScore.json	1626	0	0	0	0	0	0	0	0	3	0	0	0	0	0	0	0	0	0	0	13	26	0	0	0	0	0	0
fsh-generated/resources/ValueSet-DIPSGCSMotorScore.json	1802	1	0	0	0	0	0	0	0	2	0	0	0	0	0	0	0	0	0	0	14	26	0	0	0	1	0	0
fsh-generated/resources/ValueSet-DIPSGCSVerbalScore.json	1709	0	0	0	0	0	0	0	0	2	0	0	0	0	0	0	0	0	0	0	14	26	0	0	0	0	0	0
fsh-generated/resources/ValueSet-DIPSHealthcareServiceTypes.json	20326	1	0	0	0	0	0	0	2	23	0	0	0	0	0	0	0	0	0	0	34	67	0	0	0	1	0	1
fsh-generated/resources/ValueSet-DIPSLocation.json	1650	0	0	0	0	0	0	0	0	3	0	0	0	0	0	0	0	0	0	0	13	23	0	0	0	1	0	0
fsh-generated/resources/ValueSet-DIPSQSOFAScoreBPValueSet.json	1472	1	0	0	0	0	0	0	0	2	0	0	0	0	0	0	0	0	0	0	12	22	0	0	0	0	0	0
fsh-generated/resources/ValueSet-DIPSQSOFAScoreMentalSatusValueSet.json	1512	0	0	0	0	0	0	0	1	2	0	0	0	0	0	0	0	0	0	0	14	20	0	0	0	0	0	0
fsh-generated/resources/ValueSet-DIPSQSOFAScoreResRateValueSet.json	1494	1	0	0	0	0	0	0	0	2	0	0	0	0	0	0	0	0	0	0	13	22	0	0	0	0	0	0
fsh-generated/resources/ValueSet-DIPSVitalSignsHeartRhythmIrregularity.json	1708	0	0	0	0	0	0	0	0	3	0	0	0	0	0	0	0	0	0	0	12	21	0	0	0	1	0	0
fsh-generated/resources/ValueSet-DIPSVitalSignsObservationBloodPressureMeasurementMethod.json	1692	1	0	0	0	0	0	0	0	3	0	0	0	0	0	0	0	0	0	0	14	21	0	1	0	0	0	0
fsh-generated/resources/ValueSet-DIPSVitalSignsObservationBodyMassIndexFormula.json	1444	0	0	0	1	0	0	0	0	2	0	0	0	0	0	0	0	0	0	0	12	20	0	0	0	0	0	0
fsh-generated/resources/ValueSet-DIPSVitalSignsObservationBodySite.json	1874	0	0	0	0	0	0	0	0	2	0	0	0	0	0	0	0	0	0	0	13	23	0	0	0	1	0	0
fsh-generated/resources/ValueSet-DIPSVitalSignsObservationConsciousness.json	1626	1	0	0	0	0	0	0	1	2	0	0	0	0	0	0	0	0	0	0	14	20	0	0	0	0	0	0
fsh-generated/resources/ValueSet-DIPSVitalSignsObservationHeartRateMeasurementMethod.json	1676	0	0	0	0	0	0	0	0	2	0	0	0	0	0	0	0	0	0	0	12	21	0	0	0	0	0	0
fsh-generated/resources/ValueSet-DIPSVitalSignsObservationPrePostduktal.json	1609	1	0	0	0	0	0	0	0	2	0	0	0	0	0	0	0	0	0	0	13	20	0	0	0	0	0	0
fsh-generated/resources/ValueSet-DIPSVitalSignsObservationPulseBodySite.json	1561	0	0	0	0	0	0	0	0	3	0	0	0	0	0	0	0	0	0	0	13	43	0	0	0	1	0	0
fsh-generated/resources/ValueSet-DIPSVitalSignsObservationPulseMeasurementMethod.json	1660	1	0	0	0	0	0	0	0	2	0	0	0	0	0	0	0	0	0	0	13	19	0	0	0	0	0	0
fsh-generated/resources/ValueSet-DipsCoding1003ValueSet.json	2838	0	0	0	0	0	0	0	1	9	0	0	0	0	0	0	0	0	0	0	14	25	0	0	0	0	0	0
fsh-generated/resources/ValueSet-HealthPersonallCategoryValueset.json	5452	1	0	0	0	0	0	0	0	10	0	0	0	0	0	0	0	0	0	0	16	31	0	0	0	1	0	0
fsh-generated/resources/ValueSet-KithCoding9040ValueSet.json	2353	0	0	0	0	0	0	0	0	8	0	0	0	0	0	0	0	0	0	0	14	25	0	0	0	0	0	0
fsh-generated/resources/ValueSet-KithHealthcareServiceTypes.json	19898	1	0	0	1	0	1	0	2	27	0	0	0	0	0	0	0	0	0	0	32	61	0	0	0	2	0	0
fsh-generated/resources/ValueSet-LL355-9-2.80.json	1524	0	0	0	0	0	0	0	0	6	0	0	0	0	0	0	0	0	0	0	13	25	0	0	0	0	0	0
fsh-generated/resources/ValueSet-LL356-7-2.80.json	1639	1	0	0	0	0	0	0	0	5	0	0	0	0	0	0	0	0	0	0	12	25	0	0	0	0	0	0
fsh-generated/resources/ValueSet-LL357-5-2.80.json	1705	0	0	0	0	0	0	0	0	5	0	0	0	0	0	0	0	0	0	0	13	22	0	0	0	0	0	0
fsh-generated/resources/ValueSet-LanguageCodes.json	1197	1	0	0	0	0	0	0	1	7	0	0	0	0	0	0	0	0	0	0	13	24	0	0	0	1	0	0
fsh-generated/resources/ValueSet-LocationTypes.json	1700	0	0	0	0	0	0	0	0	7	0	0	0	0	0	0	0	1	0	0	14	26	0	0	0	0	0	0
fsh-generated/resources/ValueSet-NprLevelOfCare.json	2428	1	0	0	0	0	0	0	0	6	0	0	0	0	0	0	0	0	0	0	12	26	0	0	0	0	0	0
fsh-generated/resources/ValueSet-OrganizationAccessTypes.json	864	0	0	0	0	0	0	0	0	3	0	0	0	0	0	0	0	0	0	0	12	20	0	0	0	1	0	0
fsh-generated/resources/ValueSet-OrganizationTypes.json	1406	0	0	0	0	0	0	0	0	7	0	0	0	0	0	0	0	0	0	0	13	24	0	0	0	0	0	0
fsh-generated/resources/ValueSet-approvalType.json	2753	1	0	0	0	0	0	0	0	4	0	0	0	0	0	0	0	0	0	0	13	28	0	0	0	0	0	0
fsh-generated/resources/ValueSet-healthPersonnelSpecialization.json	7408	0	0	0	1	0	0	0	1	5	0	0	0	0	0	0	0	0	0	0	18	29	0	0	0	1	0	0
fsh-generated/resources/ValueSet-languageid.json	1318	1	0	0	0	0	0	0	0	4	0	0	0	0	0	0	0	0	0	0	12	21	0	0	0	0	0	0
fsh-generated/resources/ValueSet-relatedperson-relationshiptype.json	998	0	0	0	0	0	0	0	0	3	0	0	0	0	0	0	0	0	0	0	12	22	0	0	0	0	0	0
/input/includes/img-med.html	359	-	-	-	0	0	0	0	0	0	0	0	0	0	0	0	0	0	0	0	0	0	0	0	0	0	0	0
/input/includes/vitalsign-notes.md	3514	-	-	-	0	0	0	0	0	0	0	0	0	0	0	0	0	0	0	0	0	0	0	0	0	0	0	0
/input/includes/vitalsign-intro.md	331	-	-	-	0	0	0	0	0	0	0	0	0	0	0	0	0	0	0	0	0	0	0	0	0	0	0	0
/input/includes/menu.xml	1142	-	-	-	0	0	0	0	0	0	0	0	0	0	0	0	0	0	0	0	0	0	0	0	0	0	0	0
/fsh-generated/includes/fsh-link-references.md	26253	-	-	-	0	0	0	0	0	0	0	0	0	0	0	0	0	0	0	0	0	1	0	0	0	0	0	0
/input/intro-notes/StructureDefinition-DIPSVitalSignsObservationBodyTemp-notes.md	100	-	-	-	0	0	0	0	0	0	0	0	0	0	0	0	0	0	0	0	0	0	0	0	0	0	0	0
/input/intro-notes/StructureDefinition-DIPSVitalSignsObservationOxygenSaturation-notes.md	108	-	-	-	0	0	0	0	0	0	0	0	0	0	0	0	0	0	0	0	0	1	0	0	0	0	0	0
/input/intro-notes/StructureDefinition-DIPSVitalSignsObservationBodyHeight-notes.md	102	-	-	-	0	0	0	0	0	0	0	0	0	0	0	0	0	0	0	0	0	0	0	0	0	0	0	0
/input/intro-notes/StructureDefinition-DIPSVitalSignsObservationBloodpressure-notes.md	105	-	-	-	0	0	0	0	0	0	0	0	0	0	0	0	0	0	0	0	0	0	0	0	0	0	0	0
/input/intro-notes/StructureDefinition-DIPSPerson-notes.md	7436	-	-	-	0	0	0	0	0	0	0	0	0	0	0	0	0	0	0	0	0	0	0	0	0	0	0	0
/input/intro-notes/StructureDefinition-DIPSVitalSignsObservationGCS-intro.md	62	-	-	-	0	0	0	0	0	0	0	0	0	0	0	0	0	0	0	0	0	0	0	0	0	0	0	0
/input/intro-notes/StructureDefinition-DIPSVitalSignsObservationQSOFAScore-notes.md	102	-	-	-	0	0	0	0	0	0	0	0	0	0	0	0	0	0	0	0	0	0	0	0	0	0	0	0
/input/intro-notes/StructureDefinition-DIPSPatient-notes.md	5498	-	-	-	0	0	0	0	0	0	0	0	0	0	0	0	0	0	0	0	0	0	0	0	0	0	0	0
/input/intro-notes/StructureDefinition-DIPSVitalSignsObservationHeartRate-notes.md	101	-	-	-	0	0	0	0	0	0	0	0	0	0	0	0	0	0	0	0	0	1	0	0	0	0	0	0
/input/intro-notes/StructureDefinition-DIPSPatient-intro.md	237	-	-	-	0	0	0	0	0	0	0	0	0	0	0	0	0	0	0	0	0	0	0	0	0	0	0	0
/input/intro-notes/StructureDefinition-DIPSPractitioner-notes.md	4178	-	-	-	0	0	0	0	0	0	0	0	0	0	0	0	0	0	0	0	0	0	0	0	0	0	0	0
/input/intro-notes/StructureDefinition-DIPSVitalSignsObservationBodyMassIndex-notes.md	105	-	-	-	0	0	0	0	0	0	0	0	0	0	0	0	0	0	0	0	0	0	0	0	0	0	0	0
/input/intro-notes/StructureDefinition-DIPSVitalSignsObservationBodyWeight-notes.md	102	-	-	-	0	0	0	0	0	0	0	0	0	0	0	0	0	0	0	0	0	0	0	0	0	0	0	0
/input/intro-notes/StructureDefinition-DIPSR4Procedure-notes.md	7590	-	-	-	0	0	0	0	0	0	0	0	0	0	0	0	0	0	0	0	0	0	0	0	0	0	0	0
/input/intro-notes/StructureDefinition-DIPSVitalSignsObservationHeartRate-intro.md	54	-	-	-	0	0	0	0	0	0	0	0	0	0	0	0	0	0	0	0	0	0	0	0	0	0	0	0
/input/intro-notes/StructureDefinition-DIPSVitalSignsObservationRespirationRate-notes.md	107	-	-	-	0	0	0	0	0	0	0	0	0	0	0	0	0	0	0	0	0	1	0	0	0	0	0	0
/input/intro-notes/StructureDefinition-DIPSVitalSignsObservationBodyHeight-intro.md	55	-	-	-	0	0	0	0	0	0	0	0	0	0	0	0	0	0	0	0	0	0	0	0	0	0	0	0
/input/intro-notes/StructureDefinition-DIPSR4Condition-notes.md	7559	-	-	-	0	0	0	0	0	0	0	0	0	0	0	0	0	0	0	0	0	0	0	0	0	0	0	0
/input/intro-notes/StructureDefinition-DIPSR4DocumentReference-intro.md	1043	-	-	-	0	0	0	0	0	0	0	0	0	0	0	0	0	0	0	0	0	0	0	0	0	0	0	0
/input/intro-notes/StructureDefinition-DIPSPractitioner-intro.md	257	-	-	-	0	0	0	0	0	0	0	0	0	0	0	0	0	0	0	0	0	0	0	0	0	0	0	0
/input/intro-notes/StructureDefinition-DIPSBasisLabObservationR4-notes.md	3198	-	-	-	0	0	0	0	0	0	0	0	0	0	0	0	0	0	0	0	0	0	0	0	0	0	0	0
/input/intro-notes/StructureDefinition-DIPSVitalSignsObservationBodyWeight-intro.md	55	-	-	-	0	0	0	0	0	0	0	0	0	0	0	0	0	0	0	0	0	0	0	0	0	0	0	0
/input/intro-notes/StructureDefinition-DIPSVitalSignsObservationPulse-intro.md	49	-	-	-	0	0	0	0	0	0	0	0	0	0	0	0	0	0	0	0	0	1	0	0	0	0	0	0
/input/intro-notes/StructureDefinition-DIPSOrganization-intro.md	308	-	-	-	0	0	0	0	0	0	0	0	0	0	0	0	0	0	0	0	0	0	0	0	0	0	0	0
/input/intro-notes/StructureDefinition-DIPSLocation-notes.md	3187	-	-	-	0	0	0	0	0	0	0	0	0	0	0	0	0	0	0	0	0	0	0	0	0	0	0	0
/input/intro-notes/StructureDefinition-DIPSVitalSignsObservationBodyTemp-intro.md	60	-	-	-	0	0	0	0	0	0	0	0	0	0	0	0	0	0	0	0	0	0	0	0	0	0	0	0
/input/intro-notes/StructureDefinition-DIPSVitalSignsObservationConsciousness-notes.md	105	-	-	-	0	0	0	0	0	0	0	0	0	0	0	0	0	0	0	0	0	0	0	0	0	0	0	0
/input/intro-notes/StructureDefinition-DIPSRemoteMonitoring-intro.md	282	-	-	-	0	0	0	0	0	0	0	0	0	0	0	0	0	0	0	0	0	0	0	0	0	0	0	0
/input/intro-notes/StructureDefinition-DIPSHealthcareService-notes.md	4138	-	-	-	0	0	0	0	0	0	0	0	0	0	0	0	0	0	0	0	0	0	0	0	0	0	0	0
/input/intro-notes/StructureDefinition-DIPSRemoteMonitoring-notes.md	2108	-	-	-	0	0	0	0	0	0	0	0	0	0	0	0	0	0	0	0	0	0	0	0	0	0	0	0
/input/intro-notes/StructureDefinition-DIPSVitalSignsObservationRespirationRate-intro.md	60	-	-	-	0	0	0	0	0	0	0	0	0	0	0	0	0	0	0	0	0	1	0	0	0	0	0	0
/input/intro-notes/StructureDefinition-DIPSRelatedPerson-intro.md	256	-	-	-	0	0	0	0	0	0	0	0	0	0	0	0	0	0	0	0	0	0	0	0	0	0	0	0
/input/intro-notes/StructureDefinition-DIPSR4Procedure-intro.md	872	-	-	-	0	0	0	0	0	0	0	0	0	0	0	0	0	0	0	0	0	0	0	0	0	0	0	0
/input/intro-notes/StructureDefinition-DIPSLocation-intro.md	328	-	-	-	0	0	0	0	0	0	0	0	0	0	0	0	0	0	0	0	0	0	0	0	0	0	0	0
/input/intro-notes/StructureDefinition-DIPSHealthcareService-intro.md	269	-	-	-	0	0	0	0	0	0	0	0	0	0	0	0	0	0	0	0	0	0	0	0	0	0	0	0
/input/intro-notes/StructureDefinition-DIPSVitalSignsObservationBodyMassIndex-intro.md	59	-	-	-	0	0	0	0	0	0	0	0	0	0	0	0	0	0	0	0	0	0	0	0	0	0	0	0
/input/intro-notes/StructureDefinition-DIPSOrganization-notes.md	4723	-	-	-	0	0	0	0	0	0	0	0	0	0	0	0	0	0	0	0	0	0	0	0	0	0	0	0
/input/intro-notes/StructureDefinition-DIPSVitalSignsObservationConsciousness-intro.md	66	-	-	-	0	0	0	0	0	0	0	0	0	0	0	0	0	0	0	0	0	0	0	0	0	0	0	0
/input/intro-notes/StructureDefinition-DIPSPerson-intro.md	232	-	-	-	0	0	0	0	0	0	0	0	0	0	0	0	0	0	0	0	0	0	0	0	0	0	0	0
/input/intro-notes/StructureDefinition-DIPSVitalSignsObservationQSOFAScore-intro.md	55	-	-	-	0	0	0	0	0	0	0	0	0	0	0	0	0	0	0	0	0	0	0	0	0	0	0	0
/input/intro-notes/StructureDefinition-DIPSVitalSignsObservationOxygenSaturation-intro.md	61	-	-	-	0	0	0	0	0	0	0	0	0	0	0	0	0	0	0	0	0	1	0	0	0	0	0	0
/input/intro-notes/StructureDefinition-DIPSR4Condition-intro.md	938	-	-	-	0	0	0	0	0	0	0	0	0	0	0	0	0	0	0	0	0	0	0	0	0	0	0	0
/input/intro-notes/StructureDefinition-DIPSVitalSignsObservationNews2Score-notes.md	102	-	-	-	0	0	0	0	0	0	0	0	0	0	0	0	0	0	0	0	0	0	0	0	0	0	0	0
/input/intro-notes/StructureDefinition-DIPSPractitionerRole-notes.md	4642	-	-	-	0	0	0	0	0	0	0	0	0	0	0	0	0	0	0	0	0	0	0	0	0	0	0	0
/input/intro-notes/StructureDefinition-DIPSVitalSignsObservationPulse-notes.md	97	-	-	-	0	0	0	0	0	0	0	0	0	0	0	0	0	0	0	0	0	0	0	0	0	0	0	0
/input/intro-notes/StructureDefinition-DIPSBasisLabObservationR4-intro.md	285	-	-	-	0	0	0	0	0	0	0	0	0	0	0	0	0	0	0	0	0	0	0	0	0	0	0	0
/input/intro-notes/StructureDefinition-DIPSVitalSignsObservationBloodpressure-intro.md	58	-	-	-	0	0	0	0	0	0	0	0	0	0	0	0	0	0	0	0	0	0	0	0	0	0	0	0
/input/intro-notes/StructureDefinition-DIPSVitalSignsObservationGCS-notes.md	95	-	-	-	0	0	0	0	0	0	0	0	0	0	0	0	0	0	0	0	0	0	0	0	0	0	0	0
/input/intro-notes/StructureDefinition-DIPSPractitionerRole-intro.md	272	-	-	-	0	0	0	0	0	0	0	0	0	0	0	0	0	0	0	0	0	0	0	0	0	0	0	0
/input/intro-notes/StructureDefinition-DIPSR4DocumentReference-notes.md	9946	-	-	-	0	0	0	0	0	0	0	0	0	0	0	0	0	0	0	0	0	1	0	0	0	0	0	0
/input/intro-notes/StructureDefinition-DIPSRelatedPerson-notes.md	6758	-	-	-	0	0	0	0	0	0	0	0	0	0	0	0	0	0	0	0	0	0	0	0	0	0	0	0
/input/intro-notes/StructureDefinition-DIPSVitalSignsObservationNews2Score-intro.md	55	-	-	-	0	0	0	0	0	0	0	0	0	0	0	0	0	0	0	0	0	0	0	0	0	0	0	0
/input/pagecontent/resourcelist-episodeofcare.md	788	-	-	-	0	0	0	0	0	0	0	0	0	0	0	0	0	0	0	0	0	0	0	0	0	0	0	0
/input/pagecontent/index.md	1493	-	-	-	0	0	0	0	0	0	0	0	0	0	0	0	0	0	0	0	0	0	0	0	0	0	0	0
/input/pagecontent/resourcelist.md	24659	-	-	-	0	0	0	0	0	0	0	0	0	0	0	0	0	0	0	0	0	1	0	0	0	0	0	0
/input/pagecontent/resourcelist-procedure.md	345	-	-	-	0	0	0	0	0	0	0	0	0	0	0	0	0	0	0	0	0	0	0	0	0	0	0	0
/input/pagecontent/resourcelist-practitionerrole.md	2399	-	-	-	0	0	0	0	0	0	0	0	0	0	0	0	0	0	0	0	0	0	0	0	0	0	0	0
/input/pagecontent/documentation.md	104927	-	-	-	0	0	0	0	0	0	0	0	0	0	0	0	0	0	0	0	0	4	0	0	0	0	0	0
/input/pagecontent/resourcelist-healthcareservice.md	813	-	-	-	0	0	0	0	0	0	0	0	0	0	0	0	0	0	0	0	0	0	0	0	0	0	0	0
/input/pagecontent/resourcelist-codesystem.md	1212	-	-	-	0	0	0	0	0	0	0	0	0	0	0	0	0	0	0	0	0	0	0	0	0	0	0	0
/input/pagecontent/implementation-status.md	12942	-	-	-	0	0	0	0	0	0	0	0	0	0	0	0	0	0	0	0	0	0	0	0	0	0	0	0
/input/pagecontent/resourcelist-valueset.md	2678	-	-	-	0	0	0	0	0	0	0	0	0	0	0	0	0	0	0	0	0	0	0	0	0	0	0	0
/input/pagecontent/resourcelist-diagnosticreport.md	459	-	-	-	0	0	0	0	0	0	0	0	0	0	0	0	0	0	0	0	0	0	0	0	0	0	0	0
/input/pagecontent/resourcelist-patient.md	2008	-	-	-	0	0	0	0	0	0	0	0	0	0	0	0	0	0	0	0	0	0	0	0	0	0	0	0
/input/pagecontent/resourcelist-condition.md	403	-	-	-	0	0	0	0	0	0	0	0	0	0	0	0	0	0	0	0	0	1	0	0	0	0	0	0
/input/pagecontent/resourcelist-encounter.md	1543	-	-	-	0	0	0	0	0	0	0	0	0	0	0	0	0	0	0	0	0	0	0	0	0	0	0	0
/input/pagecontent/download.md	449	-	-	-	0	0	0	0	0	0	0	0	0	0	0	0	0	0	0	0	0	0	0	0	0	0	0	0
/input/pagecontent/resourcelist-capabilitystatement.md	323	-	-	-	0	0	0	0	0	0	0	0	0	0	0	0	0	0	0	0	0	0	0	0	0	0	0	0
/input/pagecontent/resourcelist-relatedperson.md	939	-	-	-	0	0	0	0	0	0	0	0	0	0	0	0	0	0	0	0	0	0	0	0	0	0	0	0
/input/pagecontent/resourcelist-appointment.md	1211	-	-	-	0	0	0	0	0	0	0	0	0	0	0	0	0	0	0	0	0	0	0	0	0	0	0	0
/input/pagecontent/resourcelist-location.md	1000	-	-	-	0	0	0	0	0	0	0	0	0	0	0	0	0	0	0	0	0	0	0	0	0	0	0	0
/input/pagecontent/resourcelist-person.md	1060	-	-	-	0	0	0	0	0	0	0	0	0	0	0	0	0	0	0	0	0	0	0	0	0	0	0	0
/input/pagecontent/resourcelist-not-profiled.md	673	-	-	-	0	0	0	0	0	0	0	0	0	0	0	0	0	0	0	0	0	0	0	0	0	0	0	0
/input/pagecontent/resourcelist-servicerequest.md	382	-	-	-	0	0	0	0	0	0	0	0	0	0	0	0	0	0	0	0	0	0	0	0	0	0	0	0
/input/pagecontent/resourcelist-documentreference.md	3197	-	-	-	0	0	0	0	0	0	0	0	0	0	0	0	0	0	0	0	0	1	0	0	0	0	0	0
/input/pagecontent/resourcelist-organization.md	1862	-	-	-	0	0	0	0	0	0	0	0	0	0	0	0	0	0	0	0	0	0	0	0	0	0	0	0
/input/pagecontent/resourcelist-observation.md	2450	-	-	-	0	0	0	0	0	0	0	0	0	0	0	0	0	0	0	0	0	0	0	0	0	0	0	0
/input/pagecontent/resourcelist-schedule.md	356	-	-	-	0	0	0	0	0	0	0	0	0	0	0	0	0	0	0	0	0	0	0	0	0	0	0	0
/input/pagecontent/changes.md	2720	-	-	-	0	0	0	0	0	0	0	0	0	0	0	0	0	0	0	0	0	0	0	0	0	0	0	0
/input/pagecontent/resourcelist-practitioner.md	688	-	-	-	0	0	0	0	0	0	0	0	0	0	0	0	0	0	0	0	0	0	0	0	0	0	0	0
/input/pagecontent/reference-diagrams.md	131	-	-	-	0	0	0	0	0	0	0	0	0	0	0	0	0	0	0	0	0	0	0	0	0	0	0	0
/input/pagecontent/resourcelist-slot.md	328	-	-	-	0	0	0	0	0	0	0	0	0	0	0	0	0	0	0	0	0	0	0	0	0	0	0	0
/template/config	0	-	-	-	0	0	0	0	0	0	0	0	0	0	0	0	0	0	0	0	0	0	0	0	0	0	0	0
/template/config/_config.yml	140	-	-	-	0	0	0	0	0	0	0	0	0	0	0	0	0	0	0	0	0	0	0	0	0	0	0	0
/input/images	0	-	-	-	0	0	0	0	0	0	0	0	0	0	0	0	0	0	0	0	0	1	0	0	0	0	0	0
/input/images/warning8.png	22571	-	-	-	0	0	0	0	0	0	0	0	0	0	0	0	0	0	0	0	0	0	0	0	0	0	0	0
/input/images/warning9.png	6499	-	-	-	0	0	0	0	0	0	0	0	0	0	0	0	0	0	0	0	0	0	0	0	0	0	0	0
/input/images/warning6.png	33824	-	-	-	0	0	0	0	0	0	0	0	0	0	0	0	0	0	0	0	0	0	0	0	0	0	0	0
/input/images/warning7.png	5533	-	-	-	0	0	0	0	0	0	0	0	0	0	0	0	0	0	0	0	0	0	0	0	0	0	0	0
/input/images/basic_fhir_restful_interaction.svg	149662	-	-	-	0	0	0	0	0	0	0	0	0	0	0	0	0	0	0	0	0	0	0	0	0	0	0	0
/temp/pages/_includes/artifacts.xml	70957	-	-	-	-	-	-	-	-	-	-	-	-	-	-	-	-	-	-	-	-	1	0	0	0	0	0	0
